bairro,ano_referencia,crimes,crimes_anterior,variacao_absoluta,variacao_yoy,violencia_pessoa,violencia_anterior,violencia_dois_anos_antes,violencia_crescimento_persistente,prioridade,ordem_prioridade
Haringey,2016,27174,24626,2548,0.10346787947697555,8574,7534,6251,True,Priorizar prevenção,1
Brent,2016,26693,24883,1810,0.07274042518988869,9205,8485,7691,True,Priorizar prevenção,1
Greenwich,2016,22730,20929,1801,0.08605284533422523,8590,7756,6444,True,Priorizar prevenção,1
Tower Hamlets,2016,29253,27493,1760,0.06401629505692358,9608,8829,7555,True,Priorizar prevenção,1
Southwark,2016,31636,30260,1376,0.045472571050892266,9474,8879,7771,True,Priorizar prevenção,1
Hackney,2016,28265,26941,1324,0.049144426710218625,8832,8441,7116,True,Priorizar prevenção,1
Hillingdon,2016,24341,23234,1107,0.047645691658775934,7830,7450,6847,True,Priorizar prevenção,1
Havering,2016,16903,15870,1033,0.06509136735979835,5936,5033,3965,True,Priorizar prevenção,1
Hounslow,2016,22251,21286,965,0.045334961946819505,7405,7095,6052,True,Priorizar prevenção,1
Westminster,2016,48330,47395,935,0.019727819390231036,10834,9856,8432,True,Priorizar prevenção,1
Lambeth,2016,34071,33164,907,0.027348932577493667,10496,10491,8953,True,Priorizar prevenção,1
Ealing,2016,27127,26247,880,0.03352764125423858,9396,8947,7393,True,Priorizar prevenção,1
Newham,2016,30090,29217,873,0.02987986446247048,9646,9414,7880,True,Priorizar prevenção,1
Bexley,2016,12840,11990,850,0.07089241034195162,4503,3939,3346,True,Priorizar prevenção,1
Richmond upon Thames,2016,11074,10413,661,0.06347834437722079,3155,2861,2384,True,Priorizar prevenção,1
Barnet,2016,24684,24036,648,0.02695956065901148,7499,6905,5799,True,Priorizar prevenção,1
Croydon,2016,28712,28089,623,0.022179500872227562,10302,9880,8248,True,Priorizar prevenção,1
Lewisham,2016,23904,23437,467,0.019925758416179544,8809,8440,6951,True,Priorizar prevenção,1
Islington,2016,27092,27032,60,0.002219591595146493,7840,7391,6507,True,Priorizar prevenção,1
Wandsworth,2016,23679,22401,1278,0.057051024507834475,6809,6924,5386,False,Manter capacidade,2
Camden,2016,29183,29477,-294,-0.009973877938731893,7626,7146,5687,True,Manter capacidade,2
Redbridge,2016,19502,18897,605,0.032015663861988675,6411,5893,5667,True,Monitorar,3
Harrow,2016,13153,12601,552,0.04380604713911594,4293,4198,3467,True,Monitorar,3
Kensington and Chelsea,2016,19580,19070,510,0.026743576297850027,4696,4536,3580,True,Monitorar,3
Merton,2016,12755,12273,482,0.0392732013362666,4026,3897,3023,True,Monitorar,3
Enfield,2016,22485,22076,409,0.018526907048378328,7409,6717,5965,True,Monitorar,3
Barking and Dagenham,2016,16741,16346,395,0.024164933317019455,6067,5888,4965,True,Monitorar,3
Hammersmith and Fulham,2016,20174,19848,326,0.016424828698105604,6118,5656,4838,True,Monitorar,3
Kingston upon Thames,2016,9983,9738,245,0.025159170260833846,3194,3014,2385,True,Monitorar,3
Sutton,2016,10658,10598,60,0.005661445555765239,3714,3696,3130,True,Monitorar,3
Waltham Forest,2016,20716,20969,-253,-0.012065429920358625,7409,6913,6141,True,Monitorar,3
Bromley,2016,20164,20637,-473,-0.02291999806173378,6650,6608,5512,True,Monitorar,3
City of London,2016,178,151,27,0.17880794701986755,25,28,18,False,Revisar cobertura,4
