categoria_original,mes,media_mensal,anos_completos
Burglary,1,7765.166666666667,6
Burglary,2,6908.666666666666,6
Burglary,3,7180.5,6
Burglary,4,6433.333333333333,6
Burglary,5,6440.166666666666,6
Burglary,6,6196.333333333333,6
Burglary,7,6223.5,6
Burglary,8,6398.0,6
Burglary,9,6187.166666666667,6
Burglary,10,6870.333333333333,6
Burglary,11,7471.833333333333,6
Burglary,12,7384.333333333333,6
Criminal Damage,1,5022.166666666667,6
Criminal Damage,2,4795.0,6
Criminal Damage,3,5273.833333333333,6
Criminal Damage,4,5235.5,6
Criminal Damage,5,5559.833333333333,6
Criminal Damage,6,5390.5,6
Criminal Damage,7,5482.5,6
Criminal Damage,8,5433.666666666667,6
Criminal Damage,9,4984.333333333333,6
Criminal Damage,10,5262.166666666666,6
Criminal Damage,11,5175.833333333334,6
Criminal Damage,12,4985.333333333333,6
Drugs,1,4277.666666666667,6
Drugs,2,3872.3333333333335,6
Drugs,3,4183.333333333333,6
Drugs,4,3696.0,6
Drugs,5,3872.166666666667,6
Drugs,6,3903.5,6
Drugs,7,4193.166666666666,6
Drugs,8,4106.166666666667,6
Drugs,9,3713.6666666666665,6
Drugs,10,3993.333333333333,6
Drugs,11,3917.166666666667,6
Drugs,12,3394.5,6
Fraud or Forgery,1,0.0,6
Fraud or Forgery,2,0.0,6
Fraud or Forgery,3,0.0,6
Fraud or Forgery,4,0.0,6
Fraud or Forgery,5,0.0,6
Fraud or Forgery,6,0.0,6
Fraud or Forgery,7,0.0,6
Fraud or Forgery,8,0.0,6
Fraud or Forgery,9,0.0,6
Fraud or Forgery,10,0.0,6
Fraud or Forgery,11,0.0,6
Fraud or Forgery,12,0.0,6
Other Notifiable Offences,1,949.3333333333334,6
Other Notifiable Offences,2,938.1666666666667,6
Other Notifiable Offences,3,1051.3333333333333,6
Other Notifiable Offences,4,983.5,6
Other Notifiable Offences,5,1085.1666666666667,6
Other Notifiable Offences,6,1056.8333333333333,6
Other Notifiable Offences,7,1144.8333333333335,6
Other Notifiable Offences,8,1081.6666666666665,6
Other Notifiable Offences,9,1090.6666666666667,6
Other Notifiable Offences,10,1074.8333333333333,6
Other Notifiable Offences,11,1037.0,6
Other Notifiable Offences,12,977.5,6
Robbery,1,2415.3333333333335,6
Robbery,2,2205.0,6
Robbery,3,2414.666666666667,6
Robbery,4,2236.0,6
Robbery,5,2384.8333333333335,6
Robbery,6,2324.6666666666665,6
Robbery,7,2397.8333333333335,6
Robbery,8,2258.3333333333335,6
Robbery,9,2209.6666666666665,6
Robbery,10,2356.5,6
Robbery,11,2415.5,6
Robbery,12,2271.166666666667,6
Sexual Offences,1,0.0,6
Sexual Offences,2,0.0,6
Sexual Offences,3,0.0,6
Sexual Offences,4,0.0,6
Sexual Offences,5,0.0,6
Sexual Offences,6,0.0,6
Sexual Offences,7,0.0,6
Sexual Offences,8,0.0,6
Sexual Offences,9,0.0,6
Sexual Offences,10,0.0,6
Sexual Offences,11,0.0,6
Sexual Offences,12,0.0,6
Theft and Handling,1,24322.333333333332,6
Theft and Handling,2,23023.333333333336,6
Theft and Handling,3,25826.0,6
Theft and Handling,4,24276.666666666668,6
Theft and Handling,5,25976.166666666664,6
Theft and Handling,6,25609.666666666668,6
Theft and Handling,7,25980.5,6
Theft and Handling,8,24584.666666666668,6
Theft and Handling,9,24382.166666666664,6
Theft and Handling,10,26510.333333333332,6
Theft and Handling,11,25998.0,6
Theft and Handling,12,24802.333333333336,6
Violence Against the Person,1,13706.666666666666,6
Violence Against the Person,2,12946.833333333332,6
Violence Against the Person,3,14627.166666666666,6
Violence Against the Person,4,14096.0,6
Violence Against the Person,5,15530.666666666666,6
Violence Against the Person,6,15685.666666666668,6
Violence Against the Person,7,16561.833333333332,6
Violence Against the Person,8,15319.166666666668,6
Violence Against the Person,9,15163.166666666666,6
Violence Against the Person,10,15867.333333333334,6
Violence Against the Person,11,15343.833333333332,6
Violence Against the Person,12,15079.333333333332,6
